scenario_id,policy,adoption_rate,nav_count,disruption,disruption_factor,seed,horizon,vehicle_count,completed_count,completion_rate,mean_journey_time,final_completion_timestep,makespan,maximum_occupancy,route_diversity,most_common_route,most_common_route_count,most_common_route_share,primary_route_count,primary_route_share,peak_network_congestion
policy-selfish__adoption-0__disruption-none__seed-0,selfish,0.0,0,none,,0,200,20,17,0.85,43.05882352941177,199,199,15.0,1,"(0, 1, 2)",20,1.0,20,1.0,0.3076923076923077
policy-selfish__adoption-0__disruption-none__seed-1,selfish,0.0,0,none,,1,200,20,17,0.85,43.05882352941177,199,199,15.0,1,"(0, 1, 2)",20,1.0,20,1.0,0.3076923076923077
policy-selfish__adoption-0__disruption-none__seed-2,selfish,0.0,0,none,,2,200,20,17,0.85,43.05882352941177,199,199,15.0,1,"(0, 1, 2)",20,1.0,20,1.0,0.3076923076923077
policy-selfish__adoption-0__disruption-none__seed-3,selfish,0.0,0,none,,3,200,20,17,0.85,43.05882352941177,199,199,15.0,1,"(0, 1, 2)",20,1.0,20,1.0,0.3076923076923077
policy-selfish__adoption-0__disruption-none__seed-4,selfish,0.0,0,none,,4,200,20,17,0.85,43.05882352941177,199,199,15.0,1,"(0, 1, 2)",20,1.0,20,1.0,0.3076923076923077
policy-selfish__adoption-0__disruption-capacity_reduction__seed-0,selfish,0.0,0,capacity_reduction,0.5,0,200,20,17,0.85,43.23529411764706,199,199,15.0,1,"(0, 1, 2)",20,1.0,20,1.0,0.34
policy-selfish__adoption-0__disruption-capacity_reduction__seed-1,selfish,0.0,0,capacity_reduction,0.5,1,200,20,17,0.85,43.23529411764706,199,199,15.0,1,"(0, 1, 2)",20,1.0,20,1.0,0.34
policy-selfish__adoption-0__disruption-capacity_reduction__seed-2,selfish,0.0,0,capacity_reduction,0.5,2,200,20,17,0.85,43.23529411764706,199,199,15.0,1,"(0, 1, 2)",20,1.0,20,1.0,0.34
policy-selfish__adoption-0__disruption-capacity_reduction__seed-3,selfish,0.0,0,capacity_reduction,0.5,3,200,20,17,0.85,43.23529411764706,199,199,15.0,1,"(0, 1, 2)",20,1.0,20,1.0,0.34
policy-selfish__adoption-0__disruption-capacity_reduction__seed-4,selfish,0.0,0,capacity_reduction,0.5,4,200,20,17,0.85,43.23529411764706,199,199,15.0,1,"(0, 1, 2)",20,1.0,20,1.0,0.34
policy-selfish__adoption-0.25__disruption-none__seed-0,selfish,0.25,5,none,,0,200,20,20,1.0,18.6,98,98,10.0,2,"(0, 1, 2)",15,0.75,15,0.75,0.3076923076923077
policy-selfish__adoption-0.25__disruption-none__seed-1,selfish,0.25,5,none,,1,200,20,20,1.0,16.75,98,98,10.0,2,"(0, 1, 2)",15,0.75,15,0.75,0.3076923076923077
policy-selfish__adoption-0.25__disruption-none__seed-2,selfish,0.25,5,none,,2,200,20,20,1.0,15.65,98,98,10.0,2,"(0, 1, 2)",15,0.75,15,0.75,0.3076923076923077
policy-selfish__adoption-0.25__disruption-none__seed-3,selfish,0.25,5,none,,3,200,20,20,1.0,15.3,98,98,10.0,2,"(0, 1, 2)",15,0.75,15,0.75,0.3076923076923077
policy-selfish__adoption-0.25__disruption-none__seed-4,selfish,0.25,5,none,,4,200,20,20,1.0,18.6,98,98,10.0,2,"(0, 1, 2)",15,0.75,15,0.75,0.3076923076923077
policy-selfish__adoption-0.25__disruption-capacity_reduction__seed-0,selfish,0.25,5,capacity_reduction,0.5,0,200,20,20,1.0,18.75,98,98,10.0,2,"(0, 1, 2)",15,0.75,15,0.75,0.34
policy-selfish__adoption-0.25__disruption-capacity_reduction__seed-1,selfish,0.25,5,capacity_reduction,0.5,1,200,20,20,1.0,16.9,98,98,10.0,2,"(0, 1, 2)",15,0.75,15,0.75,0.34
policy-selfish__adoption-0.25__disruption-capacity_reduction__seed-2,selfish,0.25,5,capacity_reduction,0.5,2,200,20,20,1.0,16.15,98,98,10.0,2,"(0, 1, 2)",15,0.75,15,0.75,0.34
policy-selfish__adoption-0.25__disruption-capacity_reduction__seed-3,selfish,0.25,5,capacity_reduction,0.5,3,200,20,20,1.0,18.25,98,98,10.0,2,"(0, 1, 2)",15,0.75,15,0.75,0.34
policy-selfish__adoption-0.25__disruption-capacity_reduction__seed-4,selfish,0.25,5,capacity_reduction,0.5,4,200,20,20,1.0,18.75,98,98,10.0,2,"(0, 1, 2)",15,0.75,15,0.75,0.34
policy-selfish__adoption-0.5__disruption-none__seed-0,selfish,0.5,10,none,,0,200,20,20,1.0,5.75,17,17,6.0,2,"(0, 1, 2)",10,0.5,10,0.5,0.3076923076923077
policy-selfish__adoption-0.5__disruption-none__seed-1,selfish,0.5,10,none,,1,200,20,20,1.0,5.65,17,17,6.0,2,"(0, 1, 2)",10,0.5,10,0.5,0.3076923076923077
policy-selfish__adoption-0.5__disruption-none__seed-2,selfish,0.5,10,none,,2,200,20,20,1.0,5.85,17,17,6.0,2,"(0, 1, 2)",10,0.5,10,0.5,0.3076923076923077
policy-selfish__adoption-0.5__disruption-none__seed-3,selfish,0.5,10,none,,3,200,20,20,1.0,7.1,23,23,7.0,2,"(0, 1, 2)",10,0.5,10,0.5,0.3269230769230769
policy-selfish__adoption-0.5__disruption-none__seed-4,selfish,0.5,10,none,,4,200,20,20,1.0,6.9,26,26,7.0,2,"(0, 1, 2)",10,0.5,10,0.5,0.3076923076923077
policy-selfish__adoption-0.5__disruption-capacity_reduction__seed-0,selfish,0.5,10,capacity_reduction,0.5,0,200,20,20,1.0,8.0,23,23,6.0,2,"(0, 1, 2)",10,0.5,10,0.5,0.34
policy-selfish__adoption-0.5__disruption-capacity_reduction__seed-1,selfish,0.5,10,capacity_reduction,0.5,1,200,20,20,1.0,9.75,44,44,6.0,2,"(0, 1, 2)",10,0.5,10,0.5,0.34
policy-selfish__adoption-0.5__disruption-capacity_reduction__seed-2,selfish,0.5,10,capacity_reduction,0.5,2,200,20,20,1.0,9.95,44,44,6.0,2,"(0, 1, 2)",10,0.5,10,0.5,0.34
policy-selfish__adoption-0.5__disruption-capacity_reduction__seed-3,selfish,0.5,10,capacity_reduction,0.5,3,200,20,20,1.0,7.25,23,23,7.0,2,"(0, 1, 2)",10,0.5,10,0.5,0.34
policy-selfish__adoption-0.5__disruption-capacity_reduction__seed-4,selfish,0.5,10,capacity_reduction,0.5,4,200,20,20,1.0,7.4,26,26,7.0,2,"(0, 1, 2)",10,0.5,10,0.5,0.34
policy-selfish__adoption-0.75__disruption-none__seed-0,selfish,0.75,15,none,,0,200,20,20,1.0,25.55,149,149,11.0,2,"(0, 3, 4, 5, 2)",15,0.75,5,0.25,0.34615384615384615
policy-selfish__adoption-0.75__disruption-none__seed-1,selfish,0.75,15,none,,1,200,20,20,1.0,23.3,149,149,11.0,2,"(0, 3, 4, 5, 2)",15,0.75,5,0.25,0.3076923076923077
policy-selfish__adoption-0.75__disruption-none__seed-2,selfish,0.75,15,none,,2,200,20,20,1.0,23.95,149,149,11.0,2,"(0, 3, 4, 5, 2)",15,0.75,5,0.25,0.3269230769230769
policy-selfish__adoption-0.75__disruption-none__seed-3,selfish,0.75,15,none,,3,200,20,20,1.0,25.55,149,149,11.0,2,"(0, 3, 4, 5, 2)",15,0.75,5,0.25,0.34615384615384615
policy-selfish__adoption-0.75__disruption-none__seed-4,selfish,0.75,15,none,,4,200,20,20,1.0,23.95,149,149,11.0,2,"(0, 3, 4, 5, 2)",15,0.75,5,0.25,0.3269230769230769
policy-selfish__adoption-0.75__disruption-capacity_reduction__seed-0,selfish,0.75,15,capacity_reduction,0.5,0,200,20,20,1.0,25.55,149,149,11.0,2,"(0, 3, 4, 5, 2)",15,0.75,5,0.25,0.36
policy-selfish__adoption-0.75__disruption-capacity_reduction__seed-1,selfish,0.75,15,capacity_reduction,0.5,1,200,20,20,1.0,23.45,149,149,11.0,2,"(0, 3, 4, 5, 2)",15,0.75,5,0.25,0.34
policy-selfish__adoption-0.75__disruption-capacity_reduction__seed-2,selfish,0.75,15,capacity_reduction,0.5,2,200,20,20,1.0,23.95,149,149,11.0,2,"(0, 3, 4, 5, 2)",15,0.75,5,0.25,0.34
policy-selfish__adoption-0.75__disruption-capacity_reduction__seed-3,selfish,0.75,15,capacity_reduction,0.5,3,200,20,20,1.0,25.55,149,149,11.0,2,"(0, 3, 4, 5, 2)",15,0.75,5,0.25,0.36
policy-selfish__adoption-0.75__disruption-capacity_reduction__seed-4,selfish,0.75,15,capacity_reduction,0.5,4,200,20,20,1.0,23.95,149,149,11.0,2,"(0, 3, 4, 5, 2)",15,0.75,5,0.25,0.34
policy-selfish__adoption-1__disruption-none__seed-0,selfish,1.0,20,none,,0,200,20,15,0.75,42.6,149,149,16.0,1,"(0, 3, 4, 5, 2)",20,1.0,0,0.0,0.38461538461538464
policy-selfish__adoption-1__disruption-none__seed-1,selfish,1.0,20,none,,1,200,20,15,0.75,42.6,149,149,16.0,1,"(0, 3, 4, 5, 2)",20,1.0,0,0.0,0.38461538461538464
policy-selfish__adoption-1__disruption-none__seed-2,selfish,1.0,20,none,,2,200,20,15,0.75,42.6,149,149,16.0,1,"(0, 3, 4, 5, 2)",20,1.0,0,0.0,0.38461538461538464
policy-selfish__adoption-1__disruption-none__seed-3,selfish,1.0,20,none,,3,200,20,15,0.75,42.6,149,149,16.0,1,"(0, 3, 4, 5, 2)",20,1.0,0,0.0,0.38461538461538464
policy-selfish__adoption-1__disruption-none__seed-4,selfish,1.0,20,none,,4,200,20,15,0.75,42.6,149,149,16.0,1,"(0, 3, 4, 5, 2)",20,1.0,0,0.0,0.38461538461538464
policy-selfish__adoption-1__disruption-capacity_reduction__seed-0,selfish,1.0,20,capacity_reduction,0.5,0,200,20,15,0.75,42.6,149,149,16.0,1,"(0, 3, 4, 5, 2)",20,1.0,0,0.0,0.4
policy-selfish__adoption-1__disruption-capacity_reduction__seed-1,selfish,1.0,20,capacity_reduction,0.5,1,200,20,15,0.75,42.6,149,149,16.0,1,"(0, 3, 4, 5, 2)",20,1.0,0,0.0,0.4
policy-selfish__adoption-1__disruption-capacity_reduction__seed-2,selfish,1.0,20,capacity_reduction,0.5,2,200,20,15,0.75,42.6,149,149,16.0,1,"(0, 3, 4, 5, 2)",20,1.0,0,0.0,0.4
policy-selfish__adoption-1__disruption-capacity_reduction__seed-3,selfish,1.0,20,capacity_reduction,0.5,3,200,20,15,0.75,42.6,149,149,16.0,1,"(0, 3, 4, 5, 2)",20,1.0,0,0.0,0.4
policy-selfish__adoption-1__disruption-capacity_reduction__seed-4,selfish,1.0,20,capacity_reduction,0.5,4,200,20,15,0.75,42.6,149,149,16.0,1,"(0, 3, 4, 5, 2)",20,1.0,0,0.0,0.4
policy-coordinated__adoption-0__disruption-none__seed-0,coordinated,0.0,0,none,,0,200,20,20,1.0,5.75,17,17,6.0,2,"(0, 1, 2)",11,0.55,11,0.55,0.3076923076923077
policy-coordinated__adoption-0__disruption-none__seed-1,coordinated,0.0,0,none,,1,200,20,20,1.0,5.75,17,17,6.0,2,"(0, 1, 2)",11,0.55,11,0.55,0.3076923076923077
policy-coordinated__adoption-0__disruption-none__seed-2,coordinated,0.0,0,none,,2,200,20,20,1.0,5.75,17,17,6.0,2,"(0, 1, 2)",11,0.55,11,0.55,0.3076923076923077
policy-coordinated__adoption-0__disruption-none__seed-3,coordinated,0.0,0,none,,3,200,20,20,1.0,5.75,17,17,6.0,2,"(0, 1, 2)",11,0.55,11,0.55,0.3076923076923077
policy-coordinated__adoption-0__disruption-none__seed-4,coordinated,0.0,0,none,,4,200,20,20,1.0,5.75,17,17,6.0,2,"(0, 1, 2)",11,0.55,11,0.55,0.3076923076923077
policy-coordinated__adoption-0__disruption-capacity_reduction__seed-0,coordinated,0.0,0,capacity_reduction,0.5,0,200,20,20,1.0,9.75,44,44,6.0,2,"(0, 1, 2)",10,0.5,10,0.5,0.34
policy-coordinated__adoption-0__disruption-capacity_reduction__seed-1,coordinated,0.0,0,capacity_reduction,0.5,1,200,20,20,1.0,9.75,44,44,6.0,2,"(0, 1, 2)",10,0.5,10,0.5,0.34
policy-coordinated__adoption-0__disruption-capacity_reduction__seed-2,coordinated,0.0,0,capacity_reduction,0.5,2,200,20,20,1.0,9.75,44,44,6.0,2,"(0, 1, 2)",10,0.5,10,0.5,0.34
policy-coordinated__adoption-0__disruption-capacity_reduction__seed-3,coordinated,0.0,0,capacity_reduction,0.5,3,200,20,20,1.0,9.75,44,44,6.0,2,"(0, 1, 2)",10,0.5,10,0.5,0.34
policy-coordinated__adoption-0__disruption-capacity_reduction__seed-4,coordinated,0.0,0,capacity_reduction,0.5,4,200,20,20,1.0,9.75,44,44,6.0,2,"(0, 1, 2)",10,0.5,10,0.5,0.34
policy-coordinated__adoption-0.25__disruption-none__seed-0,coordinated,0.25,5,none,,0,200,20,20,1.0,5.75,17,17,6.0,2,"(0, 1, 2)",11,0.55,11,0.55,0.3076923076923077
policy-coordinated__adoption-0.25__disruption-none__seed-1,coordinated,0.25,5,none,,1,200,20,20,1.0,5.75,17,17,6.0,2,"(0, 1, 2)",11,0.55,11,0.55,0.3076923076923077
policy-coordinated__adoption-0.25__disruption-none__seed-2,coordinated,0.25,5,none,,2,200,20,20,1.0,5.75,17,17,6.0,2,"(0, 1, 2)",11,0.55,11,0.55,0.3076923076923077
policy-coordinated__adoption-0.25__disruption-none__seed-3,coordinated,0.25,5,none,,3,200,20,20,1.0,5.75,17,17,6.0,2,"(0, 1, 2)",11,0.55,11,0.55,0.3076923076923077
policy-coordinated__adoption-0.25__disruption-none__seed-4,coordinated,0.25,5,none,,4,200,20,20,1.0,5.75,17,17,6.0,2,"(0, 1, 2)",11,0.55,11,0.55,0.3076923076923077
policy-coordinated__adoption-0.25__disruption-capacity_reduction__seed-0,coordinated,0.25,5,capacity_reduction,0.5,0,200,20,20,1.0,8.0,23,23,6.0,2,"(0, 1, 2)",10,0.5,10,0.5,0.34
policy-coordinated__adoption-0.25__disruption-capacity_reduction__seed-1,coordinated,0.25,5,capacity_reduction,0.5,1,200,20,20,1.0,8.0,23,23,6.0,2,"(0, 1, 2)",10,0.5,10,0.5,0.34
policy-coordinated__adoption-0.25__disruption-capacity_reduction__seed-2,coordinated,0.25,5,capacity_reduction,0.5,2,200,20,20,1.0,8.0,23,23,6.0,2,"(0, 1, 2)",10,0.5,10,0.5,0.34
policy-coordinated__adoption-0.25__disruption-capacity_reduction__seed-3,coordinated,0.25,5,capacity_reduction,0.5,3,200,20,20,1.0,8.0,23,23,6.0,2,"(0, 1, 2)",10,0.5,10,0.5,0.34
policy-coordinated__adoption-0.25__disruption-capacity_reduction__seed-4,coordinated,0.25,5,capacity_reduction,0.5,4,200,20,20,1.0,8.0,23,23,6.0,2,"(0, 1, 2)",10,0.5,10,0.5,0.34
policy-coordinated__adoption-0.5__disruption-none__seed-0,coordinated,0.5,10,none,,0,200,20,20,1.0,5.75,17,17,6.0,2,"(0, 1, 2)",11,0.55,11,0.55,0.3076923076923077
policy-coordinated__adoption-0.5__disruption-none__seed-1,coordinated,0.5,10,none,,1,200,20,20,1.0,5.75,17,17,6.0,2,"(0, 1, 2)",11,0.55,11,0.55,0.3076923076923077
policy-coordinated__adoption-0.5__disruption-none__seed-2,coordinated,0.5,10,none,,2,200,20,20,1.0,5.75,17,17,6.0,2,"(0, 1, 2)",11,0.55,11,0.55,0.3076923076923077
policy-coordinated__adoption-0.5__disruption-none__seed-3,coordinated,0.5,10,none,,3,200,20,20,1.0,5.75,17,17,6.0,2,"(0, 1, 2)",11,0.55,11,0.55,0.3076923076923077
policy-coordinated__adoption-0.5__disruption-none__seed-4,coordinated,0.5,10,none,,4,200,20,20,1.0,5.75,17,17,6.0,2,"(0, 1, 2)",11,0.55,11,0.55,0.3076923076923077
policy-coordinated__adoption-0.5__disruption-capacity_reduction__seed-0,coordinated,0.5,10,capacity_reduction,0.5,0,200,20,20,1.0,8.0,23,23,6.0,2,"(0, 1, 2)",10,0.5,10,0.5,0.34
policy-coordinated__adoption-0.5__disruption-capacity_reduction__seed-1,coordinated,0.5,10,capacity_reduction,0.5,1,200,20,20,1.0,8.0,23,23,6.0,2,"(0, 1, 2)",10,0.5,10,0.5,0.34
policy-coordinated__adoption-0.5__disruption-capacity_reduction__seed-2,coordinated,0.5,10,capacity_reduction,0.5,2,200,20,20,1.0,8.0,23,23,6.0,2,"(0, 1, 2)",10,0.5,10,0.5,0.34
policy-coordinated__adoption-0.5__disruption-capacity_reduction__seed-3,coordinated,0.5,10,capacity_reduction,0.5,3,200,20,20,1.0,8.0,23,23,6.0,2,"(0, 1, 2)",10,0.5,10,0.5,0.34
policy-coordinated__adoption-0.5__disruption-capacity_reduction__seed-4,coordinated,0.5,10,capacity_reduction,0.5,4,200,20,20,1.0,8.0,23,23,6.0,2,"(0, 1, 2)",10,0.5,10,0.5,0.34
policy-coordinated__adoption-0.75__disruption-none__seed-0,coordinated,0.75,15,none,,0,200,20,20,1.0,5.75,17,17,6.0,2,"(0, 1, 2)",11,0.55,11,0.55,0.3076923076923077
policy-coordinated__adoption-0.75__disruption-none__seed-1,coordinated,0.75,15,none,,1,200,20,20,1.0,5.75,17,17,6.0,2,"(0, 1, 2)",11,0.55,11,0.55,0.3076923076923077
policy-coordinated__adoption-0.75__disruption-none__seed-2,coordinated,0.75,15,none,,2,200,20,20,1.0,5.75,17,17,6.0,2,"(0, 1, 2)",11,0.55,11,0.55,0.3076923076923077
policy-coordinated__adoption-0.75__disruption-none__seed-3,coordinated,0.75,15,none,,3,200,20,20,1.0,5.75,17,17,6.0,2,"(0, 1, 2)",11,0.55,11,0.55,0.3076923076923077
policy-coordinated__adoption-0.75__disruption-none__seed-4,coordinated,0.75,15,none,,4,200,20,20,1.0,5.75,17,17,6.0,2,"(0, 1, 2)",11,0.55,11,0.55,0.3076923076923077
policy-coordinated__adoption-0.75__disruption-capacity_reduction__seed-0,coordinated,0.75,15,capacity_reduction,0.5,0,200,20,20,1.0,8.0,23,23,6.0,2,"(0, 1, 2)",10,0.5,10,0.5,0.34
policy-coordinated__adoption-0.75__disruption-capacity_reduction__seed-1,coordinated,0.75,15,capacity_reduction,0.5,1,200,20,20,1.0,8.0,23,23,6.0,2,"(0, 1, 2)",10,0.5,10,0.5,0.34
policy-coordinated__adoption-0.75__disruption-capacity_reduction__seed-2,coordinated,0.75,15,capacity_reduction,0.5,2,200,20,20,1.0,8.0,23,23,6.0,2,"(0, 1, 2)",10,0.5,10,0.5,0.34
policy-coordinated__adoption-0.75__disruption-capacity_reduction__seed-3,coordinated,0.75,15,capacity_reduction,0.5,3,200,20,20,1.0,8.0,23,23,6.0,2,"(0, 1, 2)",10,0.5,10,0.5,0.34
policy-coordinated__adoption-0.75__disruption-capacity_reduction__seed-4,coordinated,0.75,15,capacity_reduction,0.5,4,200,20,20,1.0,8.0,23,23,6.0,2,"(0, 1, 2)",10,0.5,10,0.5,0.34
policy-coordinated__adoption-1__disruption-none__seed-0,coordinated,1.0,20,none,,0,200,20,20,1.0,5.75,17,17,6.0,2,"(0, 1, 2)",11,0.55,11,0.55,0.3076923076923077
policy-coordinated__adoption-1__disruption-none__seed-1,coordinated,1.0,20,none,,1,200,20,20,1.0,5.75,17,17,6.0,2,"(0, 1, 2)",11,0.55,11,0.55,0.3076923076923077
policy-coordinated__adoption-1__disruption-none__seed-2,coordinated,1.0,20,none,,2,200,20,20,1.0,5.75,17,17,6.0,2,"(0, 1, 2)",11,0.55,11,0.55,0.3076923076923077
policy-coordinated__adoption-1__disruption-none__seed-3,coordinated,1.0,20,none,,3,200,20,20,1.0,5.75,17,17,6.0,2,"(0, 1, 2)",11,0.55,11,0.55,0.3076923076923077
policy-coordinated__adoption-1__disruption-none__seed-4,coordinated,1.0,20,none,,4,200,20,20,1.0,5.75,17,17,6.0,2,"(0, 1, 2)",11,0.55,11,0.55,0.3076923076923077
policy-coordinated__adoption-1__disruption-capacity_reduction__seed-0,coordinated,1.0,20,capacity_reduction,0.5,0,200,20,20,1.0,8.0,23,23,6.0,2,"(0, 1, 2)",10,0.5,10,0.5,0.34
policy-coordinated__adoption-1__disruption-capacity_reduction__seed-1,coordinated,1.0,20,capacity_reduction,0.5,1,200,20,20,1.0,8.0,23,23,6.0,2,"(0, 1, 2)",10,0.5,10,0.5,0.34
policy-coordinated__adoption-1__disruption-capacity_reduction__seed-2,coordinated,1.0,20,capacity_reduction,0.5,2,200,20,20,1.0,8.0,23,23,6.0,2,"(0, 1, 2)",10,0.5,10,0.5,0.34
policy-coordinated__adoption-1__disruption-capacity_reduction__seed-3,coordinated,1.0,20,capacity_reduction,0.5,3,200,20,20,1.0,8.0,23,23,6.0,2,"(0, 1, 2)",10,0.5,10,0.5,0.34
policy-coordinated__adoption-1__disruption-capacity_reduction__seed-4,coordinated,1.0,20,capacity_reduction,0.5,4,200,20,20,1.0,8.0,23,23,6.0,2,"(0, 1, 2)",10,0.5,10,0.5,0.34
